module,count_total,cuda_ms_per_sample,cuda_percent
conv1,8000,0.000000,0.0000
cbam_conv1,8000,0.000000,0.0000
conv2,8000,0.000000,0.0000
cbam_conv2,8000,0.000000,0.0000
avg_pool,8000,0.000000,0.0000
conv3,8000,0.000000,0.0000
cbam_conv3,8000,0.000000,0.0000
temp_conv1,8000,0.000000,0.0000
fc1,8000,0.000000,0.0000
fc2,8000,0.000000,0.0000
__tracked_sum__,,0.000000,100.0
__cbam_total__,,0.000000,0.0000
__non_cbam_total__,,0.000000,
